-- phpMyAdmin SQL Dump
-- version 4.9.2
-- https://www.phpmyadmin.net/
--
-- Host: 127.0.0.1
-- Generation Time: Jan 16, 2020 at 09:16 PM
-- Server version: 10.4.10-MariaDB
-- PHP Version: 7.3.12

SET SQL_MODE = "NO_AUTO_VALUE_ON_ZERO";
SET AUTOCOMMIT = 0;
START TRANSACTION;
SET time_zone = "+00:00";


/*!40101 SET @OLD_CHARACTER_SET_CLIENT=@@CHARACTER_SET_CLIENT */;
/*!40101 SET @OLD_CHARACTER_SET_RESULTS=@@CHARACTER_SET_RESULTS */;
/*!40101 SET @OLD_COLLATION_CONNECTION=@@COLLATION_CONNECTION */;
/*!40101 SET NAMES utf8mb4 */;

--
-- Database: `harmonex`
--

-- --------------------------------------------------------

--
-- Table structure for table `admin`
--

CREATE TABLE `admin` (
  `admin_id` int(5) NOT NULL,
  `admin_name` varchar(20) NOT NULL,
  `admin_password` varchar(300) NOT NULL,
  `admin_prev` varchar(15) NOT NULL,
  `branch_id` int(3) NOT NULL
) ENGINE=InnoDB DEFAULT CHARSET=utf8;

--
-- Dumping data for table `admin`
--

INSERT INTO `admin` (`admin_id`, `admin_name`, `admin_password`, `admin_prev`, `branch_id`) VALUES
(1, 'mohammad', 'a219deb20f118754a4280a77f842bdbf', 'admin', 1),
(2, 'omar', 'd4466cce49457cfea18222f5a7cd3573', 'reception', 2),
(3, 'yazan', 'be9ae874852cda354b4c6068736a76fa', 'reception', 2),
(4, 'raghad', '69efc7113fd76226f5dfaa5c95a5ae0e', 'reception', 1),
(5, 'testuser', '4259ad350f0edcc3d466ff24a8a99da5', 'reception', 1);

-- --------------------------------------------------------

--
-- Table structure for table `branch`
--

CREATE TABLE `branch` (
  `branch_id` int(3) NOT NULL,
  `branch_name` varchar(25) NOT NULL
) ENGINE=InnoDB DEFAULT CHARSET=utf8;

--
-- Dumping data for table `branch`
--

INSERT INTO `branch` (`branch_id`, `branch_name`) VALUES
(1, 'Seven Circle'),
(2, 'Gardenz Street'),
(3, 'Madina Street'),
(4, 'Galleria Mall '),
(5, 'jordan University 25');

-- --------------------------------------------------------

--
-- Table structure for table `brand`
--

CREATE TABLE `brand` (
  `brand_id` int(11) NOT NULL,
  `brand_name` varchar(150) NOT NULL
) ENGINE=InnoDB DEFAULT CHARSET=utf8;

--
-- Dumping data for table `brand`
--

INSERT INTO `brand` (`brand_id`, `brand_name`) VALUES
(4, 'Apple');

-- --------------------------------------------------------

--
-- Table structure for table `changing_parts`
--

CREATE TABLE `changing_parts` (
  `part_id` int(3) NOT NULL,
  `Sub_id` int(3) NOT NULL,
  `part_name_en` varchar(100) NOT NULL,
  `part_name_ar` varchar(100) NOT NULL,
  `part_price` varchar(10) NOT NULL
) ENGINE=InnoDB DEFAULT CHARSET=utf8;

--
-- Dumping data for table `changing_parts`
--

INSERT INTO `changing_parts` (`part_id`, `Sub_id`, `part_name_en`, `part_name_ar`, `part_price`) VALUES
(1, 1, 'English name', 'Arabic name', 'price'),
(3, 1, 'screen ، lcd orignal', 'شاشة كاملة ، شاشة . اصلي', '260'),
(4, 1, 'screen ، lcd high copy', 'شاشة كاملة ، شاشة . نخب اول', '160'),
(5, 1, 'screen ، lcd copy', 'شاشة كاملة ، شاشة . تجاري', '-'),
(7, 1, 'Glass , touch screen', 'زجاجة خارجية ، تتش', '99'),
(8, 1, 'Housing', 'شصي', '135'),
(9, 1, 'fream', 'اطار الشاشه', '40'),
(10, 1, 'back light', 'عاكس اضاءة الشاشة', '-'),
(11, 1, '3D touch', 'تتش ثلاثي الابعاد', '-'),
(13, 1, 'Battery orignal', 'بطاريه اصلي', '85'),
(14, 1, 'battery high copy', 'بطارية نخب اول', '55'),
(15, 1, 'front camera', 'كاميرا اماميه', '65'),
(16, 1, 'back camera', 'كاميرا خلفيه', '150'),
(17, 1, 'flash', 'فلاش', '45'),
(18, 1, 'camera lins', 'عدسه كاميرا', '25'),
(19, 1, 'back cover', 'باك خلفي ، باك زجاج', '50'),
(20, 1, 'charging port', 'قاعدة شحن', '75'),
(21, 1, 'aux input', 'مدخل السماعات', '-'),
(22, 1, 'microphne', 'مايك المكالمات', '75'),
(23, 1, 'mic for speaker', 'امايك سبيكر', '65'),
(24, 1, 'mic for application', 'مايك الابلكيشن ، مايك تصوير الفيديو', '45'),
(25, 1, 'head set', 'السماعة ، السماعة الداخلية ، سماعة الراس', '45'),
(26, 1, 'speker', 'سبيكر ، السماعة الخارجية', '35'),
(27, 1, 'wifi antena', 'واي فاي ، انتين واي فاي', '40'),
(28, 1, 'sensor', 'سنسور ، حساس المكالمات', '45'),
(29, 1, 'volume buttons', 'جدلة صوت ، كبسات الصوت', '45'),
(30, 1, 'silent button', 'جدلة السايلنت ، كبسة السايلنت', '45'),
(31, 1, 'power button', 'جدلة البور ، كبسة البور', '45'),
(32, 1, 'home button', 'كبسة الوسط ، كبسة الهوم', '-'),
(33, 1, 'finger print', 'بصمة الاصبع', '-'),
(34, 1, 'face id', 'بصمة الوجه', '65-100'),
(35, 1, 'camera button', 'كبسة الكاميرا', '-'),
(36, 1, 'wirless charge', 'شاحن لاسلكي ، جدلة الشحن اللاسلكي', '45'),
(37, 1, 'lcd instoulation', 'تركيب شاشة', '10'),
(38, 1, 'pin', 'قلم تتش ، قلم الشاشة', '-'),
(39, 1, 'pin sensor', 'سنسور القلم', '-'),
(41, 1, 'sim tray', 'باب خط', '10'),
(42, 1, 'sim holder', 'قاعدة الخط', '50'),
(43, 1, 'memory holder', 'قاعدة الميموري', '-'),
(46, 1, '', '', ''),
(47, 1, 'ic power', 'أي سي بور', '60'),
(48, 1, 'ic charge', 'أي سي شحن', '50'),
(49, 1, 'charge conector', 'كونكتر بطارية', '30'),
(50, 1, '', '', ''),
(51, 1, 'ic light', 'اي سي اضاءة', '45'),
(52, 1, 'ic data', 'أي سي داتا', '45'),
(53, 1, 'ic touch', 'أي سي تتش', '45'),
(54, 1, '', '', ''),
(55, 1, 'touch socet', 'سوكة تتش', '40'),
(56, 1, 'screen socet', 'سوكة شاشة', '40'),
(57, 1, 'ic camera', 'أي سي كاميرا', '60'),
(58, 1, 'ic wifi', 'أي سي واي فاي', '90'),
(59, 1, 'ic bluetouth', 'أي سي بوتوث', '90'),
(60, 1, 'ic flash', 'أي سي فلاش', '45'),
(61, 1, 'ic signal', 'أي سي ارسال', '60'),
(62, 1, 'baseband', 'بيس باند', '60'),
(63, 1, '', '', ''),
(64, 1, 'Rf signal', 'ديود ارسال', '35'),
(65, 1, '', '', ''),
(66, 1, 'ic voice', 'أي سي صوت', '60'),
(67, 1, 'ic microphone', 'أي سي مايك', '60'),
(68, 1, 'gps', 'أي سي تحديد الموقع', '40'),
(69, 1, '', '', ''),
(70, 1, 'software', 'سوفت وير، فورمات', '10'),
(71, 1, 'icloud', 'ايكلاود', '-'),
(72, 1, 'gmail، google acount', 'جوجل اكاونت ، جي ميل', '-'),
(73, 1, 'turbo sim', 'تيربو سيم', '-'),
(74, 1, 'unlock', 'فك تشقير', '-'),
(75, 1, 'pascode unlouck', 'فك رمز حماية الشاشة', '-'),
(76, 1, 'data recovary', 'إعادة معلومات الجهاز', '-'),
(77, 2, '', 'english name', 'Arabic nam'),
(78, 2, '', '', ''),
(79, 2, '', 'Touch, glass', 'شاشة خارجي'),
(80, 2, '', 'screen , lcd', 'شاشة داخلي'),
(81, 2, '', 'battery', 'بطارية'),
(82, 2, '', 'housing', 'شصي'),
(83, 2, '', 'power button', 'كبسة بور ،'),
(84, 2, '', 'volume button', 'كبسات الصو'),
(85, 2, '', 'home button', 'كبسة الوسط'),
(86, 2, '', 'hands free , aux', 'مةخل السما'),
(87, 2, '', 'speaker', 'سبيكر، جرس'),
(88, 2, '', 'charging conecter', 'قاعدة الشح'),
(89, 2, '', 'front camera', 'كاميرا اما'),
(90, 2, '', 'back camera', 'كاميرا خلف'),
(91, 2, '', 'wifi antena', 'جدلة واي ف'),
(92, 2, '', 'ic wifi', 'اي سي واي '),
(93, 2, '', 'ic power', 'اي سي بور'),
(94, 2, '', 'ic charge', 'اي سي شحن'),
(95, 2, '', 'ic camera', 'اي سي كامي'),
(96, 2, '', 'ic voice', 'اي سي صوت'),
(97, 2, '', 'ic light', 'اي سي اضاء'),
(98, 2, '', 'ic data', 'اي سي داتا'),
(99, 2, '', 'touch socet', 'سوكة تتش'),
(100, 2, '', 'screen flat cable', 'جدلة شاشة'),
(101, 2, '', 'icloud', 'ايكلاود'),
(102, 2, '', '', ''),
(103, 2, '', '', ''),
(104, 2, '', '', ''),
(105, 2, '', '', ''),
(106, 2, '', '', ''),
(107, 2, '', '', ''),
(108, 2, '', '', ''),
(109, 2, '', '', ''),
(110, 2, '', '', ''),
(111, 2, '', '', ''),
(112, 2, '', '', ''),
(113, 2, '', '', ''),
(114, 2, '', '', ''),
(115, 2, '', '', ''),
(116, 2, '', '', ''),
(117, 2, '', '', ''),
(118, 2, '', '', ''),
(119, 2, '', '', ''),
(120, 2, '', '', ''),
(121, 2, '', '', ''),
(122, 2, '', '', ''),
(123, 2, '', '', ''),
(124, 2, '', '', ''),
(125, 2, '', '', ''),
(126, 2, '', '', ''),
(127, 2, '', '', ''),
(128, 2, '', '', ''),
(129, 2, '', '', ''),
(130, 2, '', '', ''),
(131, 2, '', '', ''),
(132, 2, '', '', ''),
(133, 2, '', '', ''),
(134, 2, '', '', ''),
(135, 2, '', '', ''),
(136, 2, '', '', ''),
(137, 2, '', '', ''),
(138, 2, '', '', ''),
(139, 2, '', '', ''),
(140, 2, '', '', ''),
(141, 2, '', '', ''),
(142, 2, '', '', ''),
(143, 2, '', '', ''),
(144, 2, '', '', ''),
(145, 2, '', '', ''),
(146, 2, '', '', ''),
(147, 2, '', '', ''),
(148, 2, '', '', ''),
(149, 2, '', '', ''),
(150, 2, '', '', ''),
(151, 2, '', '', ''),
(152, 2, '', '', ''),
(153, 2, '', '', ''),
(154, 2, '', '', ''),
(155, 2, '', '', ''),
(156, 2, '', '', ''),
(157, 2, '', '', ''),
(158, 2, '', '', ''),
(159, 2, '', '', ''),
(160, 2, '', '', ''),
(161, 2, '', '', ''),
(162, 2, '', '', ''),
(163, 2, '', '', ''),
(164, 2, '', '', ''),
(165, 2, '', '', ''),
(166, 2, '', '', ''),
(167, 2, '', '', ''),
(168, 2, '', '', ''),
(169, 2, '', '', ''),
(170, 2, '', '', ''),
(171, 2, '', '', ''),
(172, 2, '', '', ''),
(173, 2, '', '', ''),
(174, 2, '', '', ''),
(175, 2, '', '', ''),
(176, 2, '', '', ''),
(177, 2, '', '', ''),
(178, 2, '', '', ''),
(179, 2, '', '', ''),
(180, 2, '', '', ''),
(181, 2, '', '', ''),
(182, 2, '', '', ''),
(183, 2, '', '', ''),
(184, 2, '', '', ''),
(185, 2, '', '', ''),
(186, 2, '', '', ''),
(187, 2, '', '', ''),
(188, 2, '', '', ''),
(189, 2, '', '', ''),
(190, 2, '', '', ''),
(191, 2, '', '', ''),
(192, 2, '', '', ''),
(193, 2, '', '', ''),
(194, 2, '', '', ''),
(195, 2, '', '', ''),
(196, 2, '', '', ''),
(197, 2, '', '', ''),
(198, 2, '', '', ''),
(199, 2, '', '', ''),
(200, 2, '', '', ''),
(201, 2, '', '', ''),
(202, 2, '', '', ''),
(203, 2, '', '', ''),
(204, 2, '', '', ''),
(205, 2, '', '', ''),
(206, 2, '', '', ''),
(207, 2, '', '', ''),
(208, 2, '', '', ''),
(209, 2, '', '', ''),
(210, 2, '', '', ''),
(211, 2, '', '', ''),
(212, 2, '', '', ''),
(213, 2, '', '', ''),
(214, 2, '', '', ''),
(215, 2, '', '', ''),
(216, 2, '', '', ''),
(217, 2, '', '', ''),
(218, 2, '', '', ''),
(219, 2, '', '', ''),
(220, 2, '', '', ''),
(221, 2, '', '', ''),
(222, 2, '', '', ''),
(223, 2, '', '', ''),
(224, 2, '', '', ''),
(225, 2, '', '', ''),
(226, 2, '', '', ''),
(227, 2, '', '', ''),
(228, 2, '', '', ''),
(229, 2, '', '', ''),
(230, 2, '', '', ''),
(231, 2, '', '', ''),
(232, 2, '', '', ''),
(233, 2, '', '', ''),
(234, 2, '', '', ''),
(235, 2, '', '', ''),
(236, 2, '', '', ''),
(237, 2, '', '', ''),
(238, 2, '', '', ''),
(239, 2, '', '', ''),
(240, 2, '', '', ''),
(241, 2, '', '', ''),
(242, 2, '', '', ''),
(243, 2, '', '', ''),
(244, 2, '', '', ''),
(245, 2, '', '', ''),
(246, 2, '', '', ''),
(247, 2, '', '', ''),
(248, 2, '', '', ''),
(249, 2, '', '', ''),
(250, 2, '', '', ''),
(251, 2, '', '', ''),
(252, 2, '', '', ''),
(253, 2, '', '', ''),
(254, 2, '', '', ''),
(255, 2, '', '', ''),
(256, 2, '', '', ''),
(257, 2, '', '', ''),
(258, 2, '', '', ''),
(259, 2, '', '', ''),
(260, 2, '', '', ''),
(261, 2, '', '', ''),
(262, 2, '', '', ''),
(263, 2, '', '', ''),
(264, 2, '', '', ''),
(265, 2, '', '', ''),
(266, 2, '', '', ''),
(267, 2, '', '', ''),
(268, 2, '', '', ''),
(269, 2, '', '', ''),
(270, 2, '', '', ''),
(271, 2, '', '', ''),
(272, 2, '', '', ''),
(273, 2, '', '', ''),
(274, 2, '', '', ''),
(275, 2, '', '', ''),
(276, 2, '', '', ''),
(277, 2, '', '', ''),
(278, 2, '', '', ''),
(279, 2, '', '', ''),
(280, 2, '', '', ''),
(281, 2, '', '', ''),
(282, 2, '', '', ''),
(283, 2, '', '', ''),
(284, 2, '', '', ''),
(285, 2, '', '', ''),
(286, 2, '', '', ''),
(287, 2, '', '', ''),
(288, 2, '', '', ''),
(289, 2, '', '', ''),
(290, 2, '', '', ''),
(291, 2, '', '', ''),
(292, 2, '', '', ''),
(293, 2, '', '', ''),
(294, 2, '', '', ''),
(295, 2, '', '', ''),
(296, 2, '', '', ''),
(297, 2, '', '', ''),
(298, 2, '', '', ''),
(299, 2, '', '', ''),
(300, 2, '', '', ''),
(301, 2, '', '', ''),
(302, 2, '', '', ''),
(303, 2, '', '', ''),
(304, 2, '', '', ''),
(305, 2, '', '', ''),
(306, 2, '', '', ''),
(307, 2, '', '', ''),
(308, 2, '', '', ''),
(309, 2, '', '', ''),
(310, 2, '', '', ''),
(311, 2, '', '', ''),
(312, 2, '', '', ''),
(313, 2, '', '', ''),
(314, 2, '', '', ''),
(315, 2, '', '', ''),
(316, 2, '', '', ''),
(317, 2, '', '', ''),
(318, 2, '', '', ''),
(319, 2, '', '', ''),
(320, 2, '', '', ''),
(321, 2, '', '', ''),
(322, 2, '', '', ''),
(323, 2, '', '', ''),
(324, 2, '', '', ''),
(325, 2, '', '', ''),
(326, 2, '', '', ''),
(327, 2, '', '', ''),
(328, 2, '', '', ''),
(329, 2, '', '', ''),
(330, 2, '', '', ''),
(331, 2, '', '', ''),
(332, 2, '', '', ''),
(333, 2, '', '', ''),
(334, 2, '', '', ''),
(335, 2, '', '', ''),
(336, 2, '', '', ''),
(337, 2, '', '', ''),
(338, 2, '', '', ''),
(339, 2, '', '', ''),
(340, 2, '', '', ''),
(341, 2, '', '', ''),
(342, 2, '', '', ''),
(343, 2, '', '', ''),
(344, 2, '', '', ''),
(345, 2, '', '', ''),
(346, 2, '', '', ''),
(347, 2, '', '', ''),
(348, 2, '', '', ''),
(349, 2, '', '', ''),
(350, 2, '', '', ''),
(351, 2, '', '', ''),
(352, 2, '', '', ''),
(353, 2, '', '', ''),
(354, 2, '', '', ''),
(355, 2, '', '', ''),
(356, 2, '', '', ''),
(357, 2, '', '', ''),
(358, 2, '', '', ''),
(359, 2, '', '', ''),
(360, 2, '', '', ''),
(361, 2, '', '', ''),
(362, 2, '', '', ''),
(363, 2, '', '', ''),
(364, 2, '', '', ''),
(365, 2, '', '', ''),
(366, 2, '', '', ''),
(367, 2, '', '', ''),
(368, 2, '', '', ''),
(369, 2, '', '', ''),
(370, 2, '', '', ''),
(371, 2, '', '', ''),
(372, 2, '', '', ''),
(373, 2, '', '', ''),
(374, 2, '', '', ''),
(375, 2, '', '', ''),
(376, 2, '', '', ''),
(377, 2, '', '', ''),
(378, 2, '', '', ''),
(379, 2, '', '', ''),
(380, 2, '', '', ''),
(381, 2, '', '', ''),
(382, 2, '', '', ''),
(383, 2, '', '', ''),
(384, 2, '', '', ''),
(385, 2, '', '', ''),
(386, 2, '', '', ''),
(387, 2, '', '', ''),
(388, 2, '', '', ''),
(389, 2, '', '', ''),
(390, 2, '', '', ''),
(391, 2, '', '', ''),
(392, 2, '', '', ''),
(393, 2, '', '', ''),
(394, 2, '', '', ''),
(395, 2, '', '', ''),
(396, 2, '', '', ''),
(397, 2, '', '', ''),
(398, 2, '', '', ''),
(399, 2, '', '', ''),
(400, 2, '', '', ''),
(401, 2, '', '', ''),
(402, 2, '', '', ''),
(403, 2, '', '', ''),
(404, 2, '', '', ''),
(405, 2, '', '', ''),
(406, 2, '', '', ''),
(407, 2, '', '', ''),
(408, 2, '', '', ''),
(409, 2, '', '', ''),
(410, 2, '', '', ''),
(411, 2, '', '', ''),
(412, 2, '', '', ''),
(413, 2, '', '', ''),
(414, 2, '', '', ''),
(415, 2, '', '', ''),
(416, 2, '', '', ''),
(417, 2, '', '', ''),
(418, 2, '', '', ''),
(419, 2, '', '', ''),
(420, 2, '', '', ''),
(421, 2, '', '', ''),
(422, 2, '', '', ''),
(423, 2, '', '', ''),
(424, 2, '', '', ''),
(425, 2, '', '', ''),
(426, 2, '', '', ''),
(427, 2, '', '', ''),
(428, 2, '', '', ''),
(429, 2, '', '', ''),
(430, 2, '', '', ''),
(431, 2, '', '', ''),
(432, 2, '', '', ''),
(433, 2, '', '', ''),
(434, 2, '', '', ''),
(435, 2, '', '', ''),
(436, 2, '', '', ''),
(437, 2, '', '', ''),
(438, 2, '', '', ''),
(439, 2, '', '', ''),
(440, 2, '', '', ''),
(441, 2, '', '', ''),
(442, 2, '', '', ''),
(443, 2, '', '', ''),
(444, 2, '', '', ''),
(445, 2, '', '', ''),
(446, 2, '', '', ''),
(447, 2, '', '', ''),
(448, 2, '', '', ''),
(449, 2, '', '', ''),
(450, 2, '', '', ''),
(451, 2, '', '', ''),
(452, 2, '', '', ''),
(453, 2, '', '', ''),
(454, 2, '', '', ''),
(455, 2, '', '', ''),
(456, 2, '', '', ''),
(457, 2, '', '', ''),
(458, 2, '', '', ''),
(459, 2, '', '', ''),
(460, 2, '', '', ''),
(461, 2, '', '', ''),
(462, 2, '', '', ''),
(463, 2, '', '', ''),
(464, 2, '', '', ''),
(465, 2, '', '', ''),
(466, 2, '', '', ''),
(467, 2, '', '', ''),
(468, 2, '', '', ''),
(469, 2, '', '', ''),
(470, 2, '', '', ''),
(471, 2, '', '', ''),
(472, 2, '', '', ''),
(473, 2, '', '', ''),
(474, 2, '', '', ''),
(475, 2, '', '', ''),
(476, 2, '', '', ''),
(477, 2, '', '', ''),
(478, 2, '', '', ''),
(479, 2, '', '', ''),
(480, 2, '', '', ''),
(481, 2, '', '', ''),
(482, 2, '', '', ''),
(483, 2, '', '', ''),
(484, 2, '', '', ''),
(485, 2, '', '', ''),
(486, 2, '', '', ''),
(487, 2, '', '', ''),
(488, 2, '', '', ''),
(489, 2, '', '', ''),
(490, 2, '', '', ''),
(491, 2, '', '', ''),
(492, 2, '', '', ''),
(493, 2, '', '', ''),
(494, 2, '', '', ''),
(495, 2, '', '', ''),
(496, 2, '', '', ''),
(497, 2, '', '', ''),
(498, 2, '', '', ''),
(499, 2, '', '', ''),
(500, 2, '', '', ''),
(501, 2, '', '', ''),
(502, 2, '', '', ''),
(503, 2, '', '', ''),
(504, 2, '', '', ''),
(505, 2, '', '', ''),
(506, 2, '', '', ''),
(507, 2, '', '', ''),
(508, 2, '', '', ''),
(509, 2, '', '', ''),
(510, 2, '', '', ''),
(511, 2, '', '', ''),
(512, 2, '', '', ''),
(513, 2, '', '', ''),
(514, 2, '', '', ''),
(515, 2, '', '', ''),
(516, 2, '', '', ''),
(517, 2, '', '', ''),
(518, 2, '', '', ''),
(519, 2, '', '', ''),
(520, 2, '', '', ''),
(521, 2, '', '', ''),
(522, 2, '', '', ''),
(523, 2, '', '', ''),
(524, 2, '', '', ''),
(525, 2, '', '', ''),
(526, 2, '', '', ''),
(527, 2, '', '', ''),
(528, 2, '', '', ''),
(529, 2, '', '', ''),
(530, 2, '', '', ''),
(531, 2, '', '', ''),
(532, 2, '', '', ''),
(533, 2, '', '', ''),
(534, 2, '', '', ''),
(535, 2, '', '', ''),
(536, 2, '', '', ''),
(537, 2, '', '', ''),
(538, 2, '', '', ''),
(539, 2, '', '', ''),
(540, 2, '', '', ''),
(541, 2, '', '', ''),
(542, 2, '', '', ''),
(543, 2, '', '', ''),
(544, 2, '', '', ''),
(545, 2, '', '', ''),
(546, 2, '', '', ''),
(547, 2, '', '', ''),
(548, 2, '', '', ''),
(549, 2, '', '', ''),
(550, 2, '', '', ''),
(551, 2, '', '', ''),
(552, 2, '', '', ''),
(553, 2, '', '', ''),
(554, 2, '', '', ''),
(555, 2, '', '', ''),
(556, 2, '', '', ''),
(557, 2, '', '', ''),
(558, 2, '', '', ''),
(559, 2, '', '', ''),
(560, 2, '', '', ''),
(561, 2, '', '', ''),
(562, 2, '', '', ''),
(563, 2, '', '', ''),
(564, 2, '', '', ''),
(565, 2, '', '', ''),
(566, 2, '', '', ''),
(567, 2, '', '', ''),
(568, 2, '', '', ''),
(569, 2, '', '', ''),
(570, 2, '', '', ''),
(571, 2, '', '', ''),
(572, 2, '', '', ''),
(573, 2, '', '', ''),
(574, 2, '', '', ''),
(575, 2, '', '', ''),
(576, 2, '', '', ''),
(577, 2, '', '', ''),
(578, 2, '', '', ''),
(579, 2, '', '', ''),
(580, 2, '', '', ''),
(581, 2, '', '', ''),
(582, 2, '', '', ''),
(583, 2, '', '', ''),
(584, 2, '', '', ''),
(585, 2, '', '', ''),
(586, 2, '', '', ''),
(587, 2, '', '', ''),
(588, 2, '', '', ''),
(589, 2, '', '', ''),
(590, 2, '', '', ''),
(591, 2, '', '', ''),
(592, 2, '', '', ''),
(593, 2, '', '', ''),
(594, 2, '', '', ''),
(595, 2, '', '', ''),
(596, 2, '', '', ''),
(597, 2, '', '', ''),
(598, 2, '', '', ''),
(599, 2, '', '', ''),
(600, 2, '', '', ''),
(601, 2, '', '', ''),
(602, 2, '', '', ''),
(603, 2, '', '', ''),
(604, 2, '', '', ''),
(605, 2, '', '', ''),
(606, 2, '', '', ''),
(607, 2, '', '', ''),
(608, 2, '', '', ''),
(609, 2, '', '', ''),
(610, 2, '', '', ''),
(611, 2, '', '', ''),
(612, 2, '', '', ''),
(613, 2, '', '', ''),
(614, 2, '', '', ''),
(615, 2, '', '', ''),
(616, 2, '', '', ''),
(617, 2, '', '', ''),
(618, 2, '', '', ''),
(619, 2, '', '', ''),
(620, 2, '', '', ''),
(621, 2, '', '', ''),
(622, 2, '', '', ''),
(623, 2, '', '', ''),
(624, 2, '', '', ''),
(625, 2, '', '', ''),
(626, 2, '', '', ''),
(627, 2, '', '', ''),
(628, 2, '', '', ''),
(629, 2, '', '', ''),
(630, 2, '', '', ''),
(631, 2, '', '', ''),
(632, 2, '', '', ''),
(633, 2, '', '', ''),
(634, 2, '', '', ''),
(635, 2, '', '', ''),
(636, 2, '', '', ''),
(637, 2, '', '', ''),
(638, 2, '', '', ''),
(639, 2, '', '', ''),
(640, 2, '', '', ''),
(641, 2, '', '', ''),
(642, 2, '', '', ''),
(643, 2, '', '', ''),
(644, 2, '', '', ''),
(645, 2, '', '', ''),
(646, 2, '', '', ''),
(647, 2, '', '', ''),
(648, 2, '', '', ''),
(649, 2, '', '', ''),
(650, 2, '', '', ''),
(651, 2, '', '', ''),
(652, 2, '', '', ''),
(653, 2, '', '', ''),
(654, 2, '', '', ''),
(655, 2, '', '', ''),
(656, 2, '', '', ''),
(657, 2, '', '', ''),
(658, 2, '', '', ''),
(659, 2, '', '', ''),
(660, 2, '', '', ''),
(661, 2, '', '', ''),
(662, 2, '', '', ''),
(663, 2, '', '', ''),
(664, 2, '', '', ''),
(665, 2, '', '', ''),
(666, 2, '', '', ''),
(667, 2, '', '', ''),
(668, 2, '', '', ''),
(669, 2, '', '', ''),
(670, 2, '', '', ''),
(671, 2, '', '', ''),
(672, 2, '', '', ''),
(673, 2, '', '', ''),
(674, 2, '', '', ''),
(675, 2, '', '', ''),
(676, 2, '', '', ''),
(677, 2, '', '', ''),
(678, 2, '', '', ''),
(679, 2, '', '', ''),
(680, 2, '', '', ''),
(681, 2, '', '', ''),
(682, 2, '', '', ''),
(683, 2, '', '', ''),
(684, 2, '', '', ''),
(685, 2, '', '', ''),
(686, 2, '', '', ''),
(687, 2, '', '', ''),
(688, 2, '', '', ''),
(689, 2, '', '', ''),
(690, 2, '', '', ''),
(691, 2, '', '', ''),
(692, 2, '', '', ''),
(693, 2, '', '', ''),
(694, 2, '', '', ''),
(695, 2, '', '', ''),
(696, 2, '', '', ''),
(697, 2, '', '', ''),
(698, 2, '', '', ''),
(699, 2, '', '', ''),
(700, 2, '', '', ''),
(701, 2, '', '', ''),
(702, 2, '', '', ''),
(703, 2, '', '', ''),
(704, 2, '', '', ''),
(705, 2, '', '', ''),
(706, 2, '', '', ''),
(707, 2, '', '', ''),
(708, 2, '', '', ''),
(709, 2, '', '', ''),
(710, 2, '', '', ''),
(711, 2, '', '', ''),
(712, 2, '', '', ''),
(713, 2, '', '', ''),
(714, 2, '', '', ''),
(715, 2, '', '', ''),
(716, 2, '', '', ''),
(717, 2, '', '', ''),
(718, 2, '', '', ''),
(719, 2, '', '', ''),
(720, 2, '', '', ''),
(721, 2, '', '', ''),
(722, 2, '', '', ''),
(723, 2, '', '', ''),
(724, 2, '', '', ''),
(725, 2, '', '', ''),
(726, 2, '', '', ''),
(727, 2, '', '', ''),
(728, 2, '', '', ''),
(729, 2, '', '', ''),
(730, 2, '', '', ''),
(731, 2, '', '', ''),
(732, 2, '', '', ''),
(733, 2, '', '', ''),
(734, 2, '', '', ''),
(735, 2, '', '', ''),
(736, 2, '', '', ''),
(737, 2, '', '', ''),
(738, 2, '', '', ''),
(739, 2, '', '', ''),
(740, 2, '', '', ''),
(741, 2, '', '', ''),
(742, 2, '', '', ''),
(743, 2, '', '', ''),
(744, 2, '', '', ''),
(745, 2, '', '', ''),
(746, 2, '', '', ''),
(747, 2, '', '', ''),
(748, 2, '', '', ''),
(749, 2, '', '', ''),
(750, 2, '', '', ''),
(751, 2, '', '', ''),
(752, 2, '', '', ''),
(753, 2, '', '', ''),
(754, 2, '', '', ''),
(755, 2, '', '', ''),
(756, 2, '', '', ''),
(757, 2, '', '', ''),
(758, 2, '', '', ''),
(759, 2, '', '', ''),
(760, 2, '', '', ''),
(761, 2, '', '', ''),
(762, 2, '', '', ''),
(763, 2, '', '', ''),
(764, 2, '', '', ''),
(765, 2, '', '', ''),
(766, 2, '', '', ''),
(767, 2, '', '', ''),
(768, 2, '', '', ''),
(769, 2, '', '', ''),
(770, 2, '', '', ''),
(771, 2, '', '', ''),
(772, 2, '', '', ''),
(773, 2, '', '', ''),
(774, 2, '', '', ''),
(775, 2, '', '', ''),
(776, 2, '', '', ''),
(777, 2, '', '', ''),
(778, 2, '', '', ''),
(779, 2, '', '', ''),
(780, 2, '', '', ''),
(781, 2, '', '', ''),
(782, 2, '', '', ''),
(783, 2, '', '', ''),
(784, 2, '', '', ''),
(785, 2, '', '', ''),
(786, 2, '', '', ''),
(787, 2, '', '', ''),
(788, 2, '', '', ''),
(789, 2, '', '', ''),
(790, 2, '', '', ''),
(791, 2, '', '', ''),
(792, 2, '', '', ''),
(793, 2, '', '', ''),
(794, 2, '', '', ''),
(795, 2, '', '', ''),
(796, 2, '', '', ''),
(797, 2, '', '', ''),
(798, 2, '', '', ''),
(799, 2, '', '', ''),
(800, 2, '', '', ''),
(801, 2, '', '', ''),
(802, 2, '', '', ''),
(803, 2, '', '', ''),
(804, 2, '', '', ''),
(805, 2, '', '', ''),
(806, 2, '', '', ''),
(807, 2, '', '', ''),
(808, 2, '', '', ''),
(809, 2, '', '', ''),
(810, 2, '', '', ''),
(811, 2, '', '', ''),
(812, 2, '', '', ''),
(813, 2, '', '', ''),
(814, 2, '', '', ''),
(815, 2, '', '', ''),
(816, 2, '', '', ''),
(817, 2, '', '', ''),
(818, 2, '', '', ''),
(819, 2, '', '', ''),
(820, 2, '', '', ''),
(821, 2, '', '', ''),
(822, 2, '', '', ''),
(823, 2, '', '', ''),
(824, 2, '', '', ''),
(825, 2, '', '', ''),
(826, 2, '', '', ''),
(827, 2, '', '', ''),
(828, 2, '', '', ''),
(829, 2, '', '', ''),
(830, 2, '', '', ''),
(831, 2, '', '', ''),
(832, 2, '', '', ''),
(833, 2, '', '', ''),
(834, 2, '', '', ''),
(835, 2, '', '', ''),
(836, 2, '', '', ''),
(837, 2, '', '', ''),
(838, 2, '', '', ''),
(839, 2, '', '', ''),
(840, 2, '', '', ''),
(841, 2, '', '', ''),
(842, 2, '', '', ''),
(843, 2, '', '', ''),
(844, 2, '', '', ''),
(845, 2, '', '', ''),
(846, 2, '', '', ''),
(847, 2, '', '', ''),
(848, 2, '', '', ''),
(849, 2, '', '', ''),
(850, 2, '', '', ''),
(851, 2, '', '', ''),
(852, 2, '', '', ''),
(853, 2, '', '', ''),
(854, 2, '', '', ''),
(855, 2, '', '', ''),
(856, 2, '', '', ''),
(857, 2, '', '', ''),
(858, 2, '', '', ''),
(859, 2, '', '', ''),
(860, 2, '', '', ''),
(861, 2, '', '', ''),
(862, 2, '', '', ''),
(863, 2, '', '', ''),
(864, 2, '', '', ''),
(865, 2, '', '', ''),
(866, 2, '', '', ''),
(867, 2, '', '', ''),
(868, 2, '', '', ''),
(869, 2, '', '', ''),
(870, 2, '', '', ''),
(871, 2, '', '', ''),
(872, 2, '', '', ''),
(873, 2, '', '', ''),
(874, 2, '', '', ''),
(875, 2, '', '', ''),
(876, 2, '', '', ''),
(877, 2, '', '', ''),
(878, 2, '', '', ''),
(879, 2, '', '', ''),
(880, 2, '', '', ''),
(881, 2, '', '', ''),
(882, 2, '', '', ''),
(883, 2, '', '', ''),
(884, 2, '', '', ''),
(885, 2, '', '', ''),
(886, 2, '', '', ''),
(887, 2, '', '', ''),
(888, 2, '', '', ''),
(889, 2, '', '', ''),
(890, 2, '', '', ''),
(891, 2, '', '', ''),
(892, 2, '', '', ''),
(893, 2, '', '', ''),
(894, 2, '', '', ''),
(895, 2, '', '', ''),
(896, 2, '', '', ''),
(897, 2, '', '', ''),
(898, 2, '', '', ''),
(899, 2, '', '', ''),
(900, 2, '', '', ''),
(901, 2, '', '', ''),
(902, 2, '', '', ''),
(903, 2, '', '', ''),
(904, 2, '', '', ''),
(905, 2, '', '', ''),
(906, 2, '', '', ''),
(907, 2, '', '', ''),
(908, 2, '', '', ''),
(909, 2, '', '', ''),
(910, 2, '', '', ''),
(911, 2, '', '', ''),
(912, 2, '', '', ''),
(913, 2, '', '', ''),
(914, 2, '', '', ''),
(915, 2, '', '', ''),
(916, 2, '', '', ''),
(917, 2, '', '', ''),
(918, 2, '', '', ''),
(919, 2, '', '', ''),
(920, 2, '', '', ''),
(921, 2, '', '', ''),
(922, 2, '', '', ''),
(923, 2, '', '', ''),
(924, 2, '', '', ''),
(925, 2, '', '', ''),
(926, 2, '', '', ''),
(927, 2, '', '', ''),
(928, 2, '', '', ''),
(929, 2, '', '', ''),
(930, 2, '', '', ''),
(931, 2, '', '', ''),
(932, 2, '', '', ''),
(933, 2, '', '', ''),
(934, 2, '', '', ''),
(935, 2, '', '', ''),
(936, 2, '', '', ''),
(937, 2, '', '', ''),
(938, 2, '', '', ''),
(939, 2, '', '', ''),
(940, 2, '', '', ''),
(941, 2, '', '', ''),
(942, 2, '', '', ''),
(943, 2, '', '', ''),
(944, 2, '', '', ''),
(945, 2, '', '', ''),
(946, 2, '', '', ''),
(947, 2, '', '', ''),
(948, 2, '', '', ''),
(949, 2, '', '', ''),
(950, 2, '', '', ''),
(951, 2, '', '', ''),
(952, 2, '', '', ''),
(953, 2, '', '', ''),
(954, 2, '', '', ''),
(955, 2, '', '', ''),
(956, 2, '', '', ''),
(957, 2, '', '', ''),
(958, 2, '', '', ''),
(959, 2, '', '', ''),
(960, 2, '', '', ''),
(961, 2, '', '', ''),
(962, 2, '', '', ''),
(963, 2, '', '', ''),
(964, 2, '', '', ''),
(965, 2, '', '', ''),
(966, 2, '', '', ''),
(967, 2, '', '', ''),
(968, 2, '', '', ''),
(969, 2, '', '', ''),
(970, 2, '', '', ''),
(971, 2, '', '', ''),
(972, 2, '', '', ''),
(973, 2, '', '', ''),
(974, 2, '', '', ''),
(975, 2, '', '', ''),
(976, 2, '', '', ''),
(977, 2, '', '', ''),
(978, 2, '', '', ''),
(979, 2, '', '', ''),
(980, 2, '', '', ''),
(981, 2, '', '', ''),
(982, 2, '', '', ''),
(983, 2, '', '', ''),
(984, 2, '', '', ''),
(985, 2, '', '', ''),
(986, 2, '', '', ''),
(987, 2, '', '', ''),
(988, 2, '', '', ''),
(989, 2, '', '', ''),
(990, 2, '', '', ''),
(991, 2, '', '', ''),
(992, 2, '', '', ''),
(993, 2, '', '', ''),
(994, 2, '', '', ''),
(995, 2, '', '', ''),
(996, 2, '', '', ''),
(997, 2, '', '', ''),
(998, 2, '', '', ''),
(999, 2, '', '', ''),
(1000, 2, '', '', ''),
(1001, 2, '', '', ''),
(1002, 2, '', '', ''),
(1003, 2, '', '', ''),
(1004, 2, '', '', ''),
(1005, 2, '', '', ''),
(1006, 2, '', '', ''),
(1007, 2, '', '', ''),
(1008, 2, '', '', ''),
(1009, 2, '', '', ''),
(1010, 2, '', '', ''),
(1011, 2, '', '', ''),
(1012, 2, '', '', ''),
(1013, 2, '', '', ''),
(1014, 2, '', '', ''),
(1015, 2, '', '', ''),
(1016, 2, '', '', ''),
(1017, 2, '', '', ''),
(1018, 2, '', '', ''),
(1019, 2, '', '', ''),
(1020, 2, '', '', ''),
(1021, 2, '', '', ''),
(1022, 2, '', '', ''),
(1023, 2, '', '', ''),
(1024, 2, '', '', ''),
(1025, 2, '', '', ''),
(1026, 2, '', '', ''),
(1027, 2, '', '', ''),
(1028, 2, '', '', ''),
(1029, 2, '', '', ''),
(1030, 2, '', '', ''),
(1031, 2, '', '', ''),
(1032, 2, '', '', ''),
(1033, 2, '', '', ''),
(1034, 2, '', '', ''),
(1035, 2, '', '', ''),
(1036, 2, '', '', ''),
(1037, 2, '', '', ''),
(1038, 2, '', '', ''),
(1039, 2, '', '', ''),
(1040, 2, '', '', ''),
(1041, 2, '', '', ''),
(1042, 2, '', '', ''),
(1043, 2, '', '', ''),
(1044, 2, '', '', ''),
(1045, 2, '', '', ''),
(1046, 2, '', '', ''),
(1047, 2, '', '', ''),
(1048, 2, '', '', ''),
(1049, 2, '', '', ''),
(1050, 2, '', '', ''),
(1051, 2, '', '', ''),
(1052, 2, '', '', ''),
(1053, 2, '', '', ''),
(1054, 2, '', '', ''),
(1055, 2, '', '', ''),
(1056, 2, '', '', ''),
(1057, 2, '', '', ''),
(1058, 2, '', '', ''),
(1059, 2, '', '', ''),
(1060, 2, '', '', ''),
(1061, 2, '', '', ''),
(1062, 2, '', '', ''),
(1063, 2, '', '', ''),
(1064, 2, '', '', ''),
(1065, 2, '', '', ''),
(1066, 2, '', '', ''),
(1067, 2, '', '', ''),
(1068, 2, '', '', ''),
(1069, 2, '', '', ''),
(1070, 2, '', '', ''),
(1071, 2, '', '', ''),
(1072, 2, '', '', ''),
(1073, 2, '', '', ''),
(1074, 2, '', '', ''),
(1075, 3, 'screen , lcd', 'شاشة داخلية', '150'),
(1076, 3, 'battery', 'بطارية', '45'),
(1077, 3, 'housing', 'شصي', '60'),
(1078, 3, 'power button', 'كبسة بور ، جدلة بور', '35'),
(1079, 3, 'volume button', 'كبسات الصوت ، جدلة الصوت', '35'),
(1080, 3, 'home button', 'كبسة الوسط ، كبسة الهوم', '30'),
(1081, 3, 'hands free , aux', 'مةخل السماعات', '30'),
(1082, 3, 'speaker', 'سبيكر، جرس', '30'),
(1083, 3, 'charging conecter', 'قاعدة الشحن ، جدلة الشحن', '40'),
(1084, 3, 'front camera', 'كاميرا امامية', '35'),
(1085, 3, 'back camera', 'كاميرا خلفية', '35'),
(1086, 3, 'wifi antena', 'جدلة واي فاي', '33'),
(1087, 3, 'ic wifi', 'اي سي واي قاي', '35'),
(1088, 3, 'ic power', 'اي سي بور', '40'),
(1089, 3, 'ic charge', 'اي سي شحن', '40'),
(1090, 3, 'ic camera', 'اي سي كاميرا', '40'),
(1091, 3, 'ic voice', 'اي سي صوت', '40'),
(1092, 3, 'ic light', 'اي سي اضاءة', '40'),
(1093, 3, 'ic data', 'اي سي داتا', '40'),
(1094, 3, 'touch socet', 'سوكة تتش', '25'),
(1095, 3, 'screen flat cable', 'جدلة شاشة', '30'),
(1096, 3, 'icloud', 'ايكلاود', '50'),
(1097, 1, 'English name', 'Arabic name', 'price'),
(1098, 1, '', '', ''),
(1099, 1, 'screen ، lcd orignal', 'شاشة كاملة ، شاشة . اصلي', '260'),
(1100, 1, 'screen ، lcd high copy', 'شاشة كاملة ، شاشة . نخب اول', '160'),
(1101, 1, 'screen ، lcd copy', 'شاشة كاملة ، شاشة . تجاري', '-'),
(1102, 1, '', '', ''),
(1103, 1, 'Glass , touch screen', 'زجاجة خارجية ، تتش', '99'),
(1104, 1, 'Housing', 'شصي', '135'),
(1105, 1, 'fream', 'اطار الشاشه', '40'),
(1106, 1, 'back light', 'عاكس اضاءة الشاشة', '-'),
(1107, 1, '3D touch', 'تتش ثلاثي الابعاد', '-'),
(1108, 1, '', '', ''),
(1109, 1, 'Battery orignal', 'بطاريه اصلي', '85'),
(1110, 1, 'battery high copy', 'بطارية نخب اول', '55'),
(1111, 1, 'front camera', 'كاميرا اماميه', '65'),
(1112, 1, 'back camera', 'كاميرا خلفيه', '150'),
(1113, 1, 'flash', 'فلاش', '45'),
(1114, 1, 'camera lins', 'عدسه كاميرا', '25'),
(1115, 1, 'back cover', 'باك خلفي ، باك زجاج', '50'),
(1116, 1, 'charging port', 'قاعدة شحن', '75'),
(1117, 1, 'aux input', 'مدخل السماعات', '-'),
(1118, 1, 'microphne', 'مايك المكالمات', '75'),
(1119, 1, 'mic for speaker', 'امايك سبيكر', '65'),
(1120, 1, 'mic for application', 'مايك الابلكيشن ، مايك تصوير الفيديو', '45'),
(1121, 1, 'head set', 'السماعة ، السماعة الداخلية ، سماعة الراس', '45'),
(1122, 1, 'speker', 'سبيكر ، السماعة الخارجية', '35'),
(1123, 1, 'wifi antena', 'واي فاي ، انتين واي فاي', '40'),
(1124, 1, 'sensor', 'سنسور ، حساس المكالمات', '45'),
(1125, 1, 'volume buttons', 'جدلة صوت ، كبسات الصوت', '45'),
(1126, 1, 'silent button', 'جدلة السايلنت ، كبسة السايلنت', '45'),
(1127, 1, 'power button', 'جدلة البور ، كبسة البور', '45'),
(1128, 1, 'home button', 'كبسة الوسط ، كبسة الهوم', '-'),
(1129, 1, 'finger print', 'بصمة الاصبع', '-'),
(1130, 1, 'face id', 'بصمة الوجه', '65-100'),
(1131, 1, 'camera button', 'كبسة الكاميرا', '-'),
(1132, 1, 'wirless charge', 'شاحن لاسلكي ، جدلة الشحن اللاسلكي', '45'),
(1133, 1, 'lcd instoulation', 'تركيب شاشة', '10'),
(1134, 1, 'pin', 'قلم تتش ، قلم الشاشة', '-'),
(1135, 1, 'pin sensor', 'سنسور القلم', '-'),
(1136, 1, '', '', ''),
(1137, 1, 'sim tray', 'باب خط', '10'),
(1138, 1, 'sim holder', 'قاعدة الخط', '50'),
(1139, 1, 'memory holder', 'قاعدة الميموري', '-'),
(1141, 1, '', '', ''),
(1142, 1, '', '', ''),
(1143, 1, 'ic power', 'أي سي بور', '60'),
(1144, 1, 'ic charge', 'أي سي شحن', '50'),
(1145, 1, 'charge conector', 'كونكتر بطارية', '30'),
(1146, 1, '', '', ''),
(1147, 1, 'ic light', 'اي سي اضاءة', '45'),
(1148, 1, 'ic data', 'أي سي داتا', '45'),
(1149, 1, 'ic touch', 'أي سي تتش', '45'),
(1150, 1, '', '', ''),
(1151, 1, 'touch socet', 'سوكة تتش', '40'),
(1152, 1, 'screen socet', 'سوكة شاشة', '40'),
(1153, 1, 'ic camera', 'أي سي كاميرا', '60'),
(1154, 1, 'ic wifi', 'أي سي واي فاي', '90'),
(1155, 1, 'ic bluetouth', 'أي سي بوتوث', '90'),
(1156, 1, 'ic flash', 'أي سي فلاش', '45'),
(1157, 1, 'ic signal', 'أي سي ارسال', '60'),
(1158, 1, 'baseband', 'بيس باند', '60'),
(1159, 1, '', '', ''),
(1160, 1, 'Rf signal', 'ديود ارسال', '35'),
(1161, 1, '', '', ''),
(1162, 1, 'ic voice', 'أي سي صوت', '60'),
(1163, 1, 'ic microphone', 'أي سي مايك', '60'),
(1164, 1, 'gps', 'أي سي تحديد الموقع', '40'),
(1166, 1, 'software', 'سوفت وير، فورمات', '10'),
(1167, 1, 'icloud', 'ايكلاود', '-'),
(1168, 1, 'gmail، google acount', 'جوجل اكاونت ، جي ميل', '-'),
(1169, 1, 'turbo sim', 'تيربو سيم', '-'),
(1170, 1, 'unlock', 'فك تشقير', '-'),
(1171, 1, 'pascode unlouck', 'فك رمز حماية الشاشة', '-'),
(1172, 1, 'data recovary', 'إعادة معلومات الجهاز', '-'),
(1173, 5, 'screen , lcd', 'شاشة داخلية', '150'),
(1174, 5, 'battery', 'بطارية', '45'),
(1175, 5, 'housing', 'شصي', '60'),
(1176, 5, 'power button', 'كبسة بور ، جدلة بور', '35'),
(1177, 5, 'volume button', 'كبسات الصوت ، جدلة الصوت', '35'),
(1178, 5, 'home button', 'كبسة الوسط ، كبسة الهوم', '30'),
(1179, 5, 'hands free , aux', 'مةخل السماعات', '30'),
(1180, 5, 'speaker', 'سبيكر، جرس', '30'),
(1181, 5, 'charging conecter', 'قاعدة الشحن ، جدلة الشحن', '40'),
(1182, 5, 'front camera', 'كاميرا امامية', '35'),
(1183, 5, 'back camera', 'كاميرا خلفية', '35'),
(1184, 5, 'wifi antena', 'جدلة واي فاي', '33'),
(1185, 5, 'ic wifi', 'اي سي واي قاي', '35'),
(1186, 5, 'ic power', 'اي سي بور', '40'),
(1187, 5, 'ic charge', 'اي سي شحن', '40'),
(1188, 5, 'ic camera', 'اي سي كاميرا', '40'),
(1189, 5, 'ic voice', 'اي سي صوت', '40'),
(1190, 5, 'ic light', 'اي سي اضاءة', '40'),
(1191, 5, 'ic data', 'اي سي داتا', '40'),
(1192, 5, 'touch socet', 'سوكة تتش', '25'),
(1193, 5, 'screen flat cable', 'جدلة شاشة', '30'),
(1194, 5, 'icloud', 'ايكلاود', '50'),
(1195, 6, '', 'ايفون فور جي - فور اس زجاجة خارجية ، تتش', 'iphone 4g-'),
(1196, 6, '', 'ايفون فور جي - فور اس شصي', 'iphone 4g-'),
(1197, 6, '', 'ايفون فور جي - فور اس اطار الشاشه', 'iphone 4g-'),
(1198, 6, '', 'ايفون فور جي - فور اس بطاريه', 'iphone 4g-'),
(1199, 6, '', 'ايفون فور جي - فور اس كاميرا اماميه', 'iphone 4g-'),
(1200, 6, '', 'ايفون فور جي - فور اس كاميرا خلفيه', 'iphone 4g-'),
(1201, 6, '', 'ايفون فور جي - فور اس فلاش', 'iphone 4g-'),
(1202, 6, '', 'ايفون فور جي - فور اس باك خلفي ، باك زجاج', 'iphone 4g-'),
(1203, 6, '', 'ايفون فور جي - فور اس قاعدة شحن', 'iphone 4g-'),
(1204, 6, '', 'ايفون فور جي - فور اس مدخل السماعات', 'iphone 4g-'),
(1205, 6, '', 'ايفون فور جي - فور اس مايك المكالمات', 'iphone 4g-'),
(1206, 6, '', 'ايفون فور جي - فور اس امايك سبيكر', 'iphone 4g-'),
(1207, 6, '', 'ايفون فور جي - فور اس مايك الابلكيشن ، مايك تصوير الفيديو', 'iphone 4g-'),
(1208, 6, '', 'ايفون فور جي - فور اس السماعة ، السماعة الداخلية ، سماعة الراس', 'iphone 4g-'),
(1209, 6, '', 'ايفون فور جي - فور اس سبيكر ، السماعة الخارجية', 'iphone 4g-'),
(1210, 6, '', 'ايفون فور جي - فور اس واي فاي ، انتين واي فاي', 'iphone 4g-'),
(1211, 6, '', 'ايفون فور جي - فور اس سنسور ، حساس المكالمات', 'iphone 4g-'),
(1212, 6, '', 'ايفون فور جي - فور اس جدلة صوت ، كبسات الصوت', 'iphone 4g-'),
(1213, 6, '', 'ايفون فور جي - فور اس جدلة السايلنت ، كبسة السايلنت', 'iphone 4g-'),
(1214, 6, '', 'ايفون فور جي - فور اس جدلة البور ، كبسة البور', 'iphone 4g-'),
(1215, 6, '', 'ايفون فور جي - فور اس كبسة الوسط ، كبسة الهوم', 'iphone 4g-'),
(1216, 6, '', 'ايفون فور جي - فور اس تركيب شاشة', 'iphone 4g-'),
(1217, 6, '', 'ايفون فور جي - فور اس باب خط', 'iphone 4g-'),
(1218, 6, '', 'ايفون فور جي - فور اس قاعدة الخط', 'iphone 4g-'),
(1219, 6, '', 'ايفون فور جي - فور اس أي سي بور', 'iphone 4g-'),
(1220, 6, '', 'ايفون فور جي - فور اس أي سي شحن', 'iphone 4g-'),
(1221, 6, '', 'ايفون فور جي - فور اس كونكتر بطارية', 'iphone 4g-'),
(1222, 6, '', 'ايفون فور جي - فور اس سوفت وير، فورمات', 'iphone 4g-'),
(1223, 7, 'ايفون فور جي - فور اس شصي', 'iphone 4g-4s Housing', '25'),
(1224, 7, 'ايفون فور جي - فور اس اطار الشاشه', 'iphone 4g-4s fream', '15'),
(1225, 7, 'ايفون فور جي - فور اس بطاريه', 'iphone 4g-4s Battery', '10'),
(1226, 7, 'ايفون فور جي - فور اس كاميرا اماميه', 'iphone 4g-4s front camera', '15'),
(1227, 7, 'ايفون فور جي - فور اس كاميرا خلفيه', 'iphone 4g-4s iphone 4g-4s back camera', '15'),
(1228, 7, 'ايفون فور جي - فور اس فلاش', 'iphone 4g-4s flash', '15'),
(1229, 7, 'ايفون فور جي - فور اس باك خلفي ، باك زجاج', 'iphone 4g-4s back cover', '5'),
(1230, 7, 'ايفون فور جي - فور اس قاعدة شحن', 'iphone 4g-4s charging port', '10'),
(1231, 7, 'ايفون فور جي - فور اس مدخل السماعات', 'iphone 4g-4s aux input', '10'),
(1232, 7, 'ايفون فور جي - فور اس مايك المكالمات', 'iphone 4g-4s microphne', '10'),
(1233, 7, 'ايفون فور جي - فور اس امايك سبيكر', 'iphone 4g-4s mic for speaker', '10'),
(1234, 7, 'ايفون فور جي - فور اس مايك الابلكيشن ، مايك تصوير الفيديو', 'iphone 4g-4s mic for application', '10'),
(1235, 7, 'ايفون فور جي - فور اس السماعة ، السماعة الداخلية ، سماعة الراس', 'iphone 4g-4s head set', '10'),
(1236, 7, 'ايفون فور جي - فور اس سبيكر ، السماعة الخارجية', 'iphone 4g-4s speker', '10'),
(1237, 7, 'ايفون فور جي - فور اس واي فاي ، انتين واي فاي', 'iphone 4g-4s wifi antena', '10'),
(1238, 7, 'ايفون فور جي - فور اس سنسور ، حساس المكالمات', 'iphone 4g-4s sensor', '15'),
(1239, 7, 'ايفون فور جي - فور اس جدلة صوت ، كبسات الصوت', 'iphone 4g-4s volume buttons', '15'),
(1240, 7, 'ايفون فور جي - فور اس جدلة السايلنت ، كبسة السايلنت', 'iphone 4g-4s silent button', '15'),
(1241, 7, 'ايفون فور جي - فور اس جدلة البور ، كبسة البور', 'iphone 4g-4s power button', '15'),
(1242, 7, 'ايفون فور جي - فور اس كبسة الوسط ، كبسة الهوم', 'iphone 4g-4s home button', '15'),
(1243, 7, 'ايفون فور جي - فور اس تركيب شاشة', 'iphone 4g-4s lcd instoulation', '5'),
(1244, 7, 'ايفون فور جي - فور اس باب خط', 'iphone 4g-4s sim tray', '5'),
(1245, 7, 'ايفون فور جي - فور اس قاعدة الخط', 'iphone 4g-4s sim holder', '25'),
(1246, 7, 'ايفون فور جي - فور اس أي سي بور', 'iphone 4g-4s ic power', '25'),
(1247, 7, 'ايفون فور جي - فور اس أي سي شحن', 'iphone 4g-4s ic charge', '25'),
(1248, 7, 'ايفون فور جي - فور اس كونكتر بطارية', 'iphone 4g-4s charge conector', '15'),
(1249, 7, 'ايفون فور جي - فور اس سوفت وير، فورمات', 'iphone 4g-4s software', '10'),
(1250, 8, 'iphone 4g-4s Housing', 'ايفون فور جي - فور اس شصي', '25'),
(1251, 8, 'iphone 4g-4s fream', 'ايفون فور جي - فور اس اطار الشاشه', '15'),
(1252, 8, 'iphone 4g-4s Battery', 'ايفون فور جي - فور اس بطاريه', '10'),
(1253, 8, 'iphone 4g-4s front camera', 'ايفون فور جي - فور اس كاميرا اماميه', '15'),
(1254, 8, 'iphone 4g-4s iphone 4g-4s back camera', 'ايفون فور جي - فور اس كاميرا خلفيه', '15'),
(1255, 8, 'iphone 4g-4s flash', 'ايفون فور جي - فور اس فلاش', '15'),
(1256, 8, 'iphone 4g-4s back cover', 'ايفون فور جي - فور اس باك خلفي ، باك زجاج', '5'),
(1257, 8, 'iphone 4g-4s charging port', 'ايفون فور جي - فور اس قاعدة شحن', '10'),
(1258, 8, 'iphone 4g-4s aux input', 'ايفون فور جي - فور اس مدخل السماعات', '10'),
(1259, 8, 'iphone 4g-4s microphne', 'ايفون فور جي - فور اس مايك المكالمات', '10'),
(1260, 8, 'iphone 4g-4s mic for speaker', 'ايفون فور جي - فور اس امايك سبيكر', '10'),
(1261, 8, 'iphone 4g-4s mic for application', 'ايفون فور جي - فور اس مايك الابلكيشن ، مايك تصوير الفيديو', '10'),
(1262, 8, 'iphone 4g-4s head set', 'ايفون فور جي - فور اس السماعة ، السماعة الداخلية ، سماعة الراس', '10'),
(1263, 8, 'iphone 4g-4s speker', 'ايفون فور جي - فور اس سبيكر ، السماعة الخارجية', '10'),
(1264, 8, 'iphone 4g-4s wifi antena', 'ايفون فور جي - فور اس واي فاي ، انتين واي فاي', '10'),
(1265, 8, 'iphone 4g-4s sensor', 'ايفون فور جي - فور اس سنسور ، حساس المكالمات', '15'),
(1266, 8, 'iphone 4g-4s volume buttons', 'ايفون فور جي - فور اس جدلة صوت ، كبسات الصوت', '15'),
(1267, 8, 'iphone 4g-4s silent button', 'ايفون فور جي - فور اس جدلة السايلنت ، كبسة السايلنت', '15'),
(1268, 8, 'iphone 4g-4s power button', 'ايفون فور جي - فور اس جدلة البور ، كبسة البور', '15'),
(1269, 8, 'iphone 4g-4s home button', 'ايفون فور جي - فور اس كبسة الوسط ، كبسة الهوم', '15'),
(1270, 8, 'iphone 4g-4s lcd instoulation', 'ايفون فور جي - فور اس تركيب شاشة', '5'),
(1271, 8, 'iphone 4g-4s sim tray', 'ايفون فور جي - فور اس باب خط', '5'),
(1272, 8, 'iphone 4g-4s sim holder', 'ايفون فور جي - فور اس قاعدة الخط', '25'),
(1273, 8, 'iphone 4g-4s ic power', 'ايفون فور جي - فور اس أي سي بور', '25'),
(1274, 8, 'iphone 4g-4s ic charge', 'ايفون فور جي - فور اس أي سي شحن', '25'),
(1275, 8, 'iphone 4g-4s charge conector', 'ايفون فور جي - فور اس كونكتر بطارية', '15'),
(1276, 8, 'iphone 4g-4s software', 'ايفون فور جي - فور اس سوفت وير، فورمات', '10'),
(1277, 9, 'iphone 5g-5s-5c-5se Glass , touch screen', 'ايفون 5-5c-5se-5s زجاجة خارجية ، تتش', '15'),
(1278, 9, 'iphone 5g-5s-5c-5se Housing', 'ايفون 5-5c-5se-5s شصي', '35'),
(1279, 9, 'iphone 5g-5s-5c-5se fream', 'ايفون 5-5c-5se-5s اطار الشاشه', '15'),
(1280, 9, 'iphone 5g-5s-5c-5se back light', 'ايفون 5-5c-5se-5s عاكس اضاءة الشاشة', '10'),
(1281, 9, 'iphone 5g-5s-5c-5se Battery high copy. copy 1', 'ايفون 5-5c-5se-5s بطارية نخب اول', '15'),
(1282, 9, 'iphone 5g-5s-5c-5se front camera', 'ايفون 5-5c-5se-5s كاميرا اماميه', '15'),
(1283, 9, 'iphone 5g-5s-5c-5se back camera', 'ايفون 5-5c-5se-5s كاميرا خلفيه', '15'),
(1284, 9, 'iphone 5g-5s-5c-5se flash', 'ايفون 5-5c-5se-5s فلاش', '15'),
(1285, 9, 'iphone 5g-5s-5c-5se camera lins', 'ايفون 5-5c-5se-5s عدسه كاميرا', '10'),
(1286, 9, 'iphone 5g-5s-5c-5se charging port', 'ايفون 5-5c-5se-5s قاعدة شحن', '15'),
(1287, 9, 'iphone 5g-5s-5c-5se aux input', 'ايفون 5-5c-5se-5s مدخل السماعات', '15'),
(1288, 9, 'iphone 5g-5s-5c-5se microphne', 'ايفون 5-5c-5se-5s مايك المكالمات', '15'),
(1289, 9, 'iphone 5g-5s-5c-5se mic for speaker', 'ايفون 5-5c-5se-5s امايك سبيكر', '15'),
(1290, 9, 'iphone 5g-5s-5c-5se mic for application', 'ايفون 5-5c-5se-5s مايك الابلكيشن ، مايك تصوير الفيديو', '15'),
(1291, 9, 'iphone 5g-5s-5c-5se head set', 'ايفون 5-5c-5se-5s السماعة ، السماعة الداخلية ، سماعة الراس', '15'),
(1292, 9, 'iphone 5g-5s-5c-5se speker', 'ايفون 5-5c-5se-5s سبيكر ، السماعة الخارجية', '15'),
(1293, 9, 'iphone 5g-5s-5c-5se wifi antena', 'ايفون 5-5c-5se-5s واي فاي ، انتين واي فاي', '10'),
(1294, 9, 'iphone 5g-5s-5c-5se sensor', 'ايفون 5-5c-5se-5s سنسور ، حساس المكالمات', '15'),
(1295, 9, 'iphone 5g-5s-5c-5se volume buttons', 'ايفون 5-5c-5se-5s جدلة صوت ، كبسات الصوت', '15'),
(1296, 9, 'iphone 5g-5s-5c-5se silent button', 'ايفون 5-5c-5se-5s جدلة السايلنت ، كبسة السايلنت', '15'),
(1297, 9, 'iphone 5g-5s-5c-5se power button', 'ايفون 5-5c-5se-5s جدلة البور ، كبسة البور', '15'),
(1298, 9, 'iphone 5g-5s-5c-5se home button', 'ايفون 5-5c-5se-5s كبسة الوسط ، كبسة الهوم', '15'),
(1299, 9, 'iphone 5g-5s-5c-5se lcd instoulation', 'ايفون 5-5c-5se-5s تركيب شاشة', '10'),
(1300, 9, 'iphone 5g-5s-5c-5se sim tray', 'ايفون 5-5c-5se-5s باب خط', '5'),
(1301, 9, 'iphone 5g-5s-5c-5se sim holder', 'ايفون 5-5c-5se-5s قاعدة الخط', '25'),
(1302, 9, 'iphone 5g-5s-5c-5se ic power', 'ايفون 5-5c-5se-5s أي سي بور', '25'),
(1303, 9, 'iphone 5g-5s-5c-5se ic charge', 'ايفون 5-5c-5se-5s أي سي شحن', '25'),
(1304, 9, 'iphone 5g-5s-5c-5se charge conector', 'ايفون 5-5c-5se-5s كونكتر بطارية', '15'),
(1305, 9, 'iphone 5g-5s-5c-5se touch conector', 'ايفون 5-5c-5se-5s سوكة بطارية', '15'),
(1306, 9, 'iphone 5g-5s-5c-5se software', 'ايفون 5-5c-5se-5s سوفت وير، فورمات', '10'),
(1307, 9, 'iphone 5g-5s-5c-5se turbo sim', 'ايفون 5-5c-5se-5s تيربو سيم', '25'),
(1308, 11, 'iphone 6g screen ، lcd . copy', 'ايفون 6 شاشة كاملة ، شاشة . تجاري', '25'),
(1309, 11, 'iphone 6g Glass , touch screen', 'ايفون 6 زجاجة خارجية ، تتش', '15'),
(1310, 11, 'iphone 6g Housing', 'ايفون 6 شصي', '40'),
(1311, 11, 'iphone 6g fream', 'ايفون 6 اطار الشاشه', '15'),
(1312, 11, 'iphone 6g back light', 'ايفون 6 عاكس اضاءة الشاشة', '15'),
(1313, 11, 'iphone 6g Battery orignal', 'ايفون 6 بطاريه اصلي', '35'),
(1314, 11, 'iphone 6g battery copy one', 'ايفون 6 بطاريه نخب اول', '20'),
(1315, 11, 'iphone 6g front camera', 'ايفون 6 كاميرا اماميه', '15'),
(1316, 11, 'iphone 6g back camera', 'ايفون 6 كاميرا خلفيه', '25'),
(1317, 11, 'iphone 6g flash', 'ايفون 6 فلاش', '15'),
(1318, 11, 'iphone 6g camera lins', 'ايفون 6 عدسه كاميرا', '5'),
(1319, 11, 'iphone 6g charging port', 'ايفون 6 قاعدة شحن', '15'),
(1320, 11, 'iphone 6g aux input', 'ايفون 6 مدخل السماعات', '15'),
(1321, 11, 'iphone 6g microphne', 'ايفون 6 مايك المكالمات', '15'),
(1322, 11, 'iphone 6g mic for speaker', 'ايفون 6 امايك سبيكر', '15'),
(1323, 11, 'iphone 6g mic for application', 'ايفون 6 مايك الابلكيشن ، مايك تصوير الفيديو', '15'),
(1324, 11, 'iphone 6g head set', 'ايفون 6 السماعة ، السماعة الداخلية ، سماعة الراس', '10'),
(1325, 11, 'iphone 6g speker', 'ايفون 6 سبيكر ، السماعة الخارجية', '10'),
(1326, 11, 'iphone 6g wifi antena', 'ايفون 6 واي فاي ، انتين واي فاي', '20'),
(1327, 11, 'iphone 6g sensor', 'ايفون 6 سنسور ، حساس المكالمات', '15'),
(1328, 11, 'iphone 6g volume buttons', 'ايفون 6 جدلة صوت ، كبسات الصوت', '15'),
(1329, 11, 'iphone 6g silent button', 'ايفون 6 جدلة السايلنت ، كبسة السايلنت', '15'),
(1330, 11, 'iphone 6g power button', 'ايفون 6 جدلة البور ، كبسة البور', '15'),
(1331, 11, 'iphone 6g home button', 'ايفون 6 كبسة الوسط ، كبسة الهوم', '15'),
(1332, 11, 'iphone 6g lcd instoulation', 'ايفون 6 تركيب شاشة', '10'),
(1333, 11, 'iphone 6g sim tray', 'ايفون 6 باب خط', '5'),
(1334, 11, 'iphone 6g sim holder', 'ايفون 6 قاعدة الخط', '35'),
(1335, 11, 'iphone 6g ic power', 'ايفون 6 أي سي بور', '30'),
(1336, 11, 'iphone 6g ic charge', 'ايفون 6 أي سي شحن', '25'),
(1337, 11, 'iphone 6g charge conector', 'ايفون 6 كونكتر بطارية', '15'),
(1338, 11, 'iphone 6g ic light', 'ايفون 6 اي سي اضاءة', '25'),
(1339, 11, 'iphone 6g ic data', 'ايفون 6 أي سي داتا', '25'),
(1340, 11, 'iphone 6g ic touch', 'ايفون 6 أي سي تتش', '25'),
(1341, 11, 'iphone 6g touch socet', 'ايفون 6 سوكة تتش', '20'),
(1342, 11, 'iphone 6g screen socet', 'ايفون 6 سوكة شاشة', '20'),
(1343, 11, 'iphone 6g ic camera', 'ايفون 6 أي سي كاميرا', '25'),
(1344, 11, 'iphone 6g ic wifi', 'ايفون 6 أي سي واي فاي', '50'),
(1345, 11, 'iphone 6g ic bluetouth', 'ايفون 6 أي سي بوتوث', '50'),
(1346, 11, 'iphone 6g ic flash', 'ايفون 6 أي سي فلاش', '25'),
(1347, 11, 'iphone 6g ic signal', 'ايفون 6 أي سي ارسال', '25'),
(1348, 11, 'iphone 6g baseband', 'ايفون 6 بيس باند', '25'),
(1349, 11, 'iphone 6g Rf signal', 'ايفون 6 ديود ارسال', '15'),
(1350, 11, 'iphone 6g ic voice', 'ايفون 6 أي سي صوت', '25'),
(1351, 11, 'iphone 6g ic microphone', 'ايفون 6 أي سي مايك', '25'),
(1352, 11, 'iphone 6g gps', 'ايفون 6 أي سي تحديد الموقع', '25'),
(1353, 11, 'iphone 6g software', 'ايفون 6 سوفت وير، فورمات', '10');

-- --------------------------------------------------------

--
-- Table structure for table `customer`
--

CREATE TABLE `customer` (
  `cus_id` int(5) NOT NULL,
  `cus_name` varchar(150) NOT NULL,
  `cus_phone` varchar(15) NOT NULL,
  `cus_create_date` date NOT NULL,
  `cus_create_time` time NOT NULL,
  `branch_id` int(5) NOT NULL
) ENGINE=InnoDB DEFAULT CHARSET=utf8;

--
-- Dumping data for table `customer`
--

INSERT INTO `customer` (`cus_id`, `cus_name`, `cus_phone`, `cus_create_date`, `cus_create_time`, `branch_id`) VALUES
(1, 'yaldez yaseen', '0797234038', '2019-12-11', '07:44:00', 1),
(2, 'har swv', '0781566666', '2019-12-11', '08:13:00', 1),
(3, 'yaldez yaseen', '0797234038', '2019-12-11', '08:18:24', 1),
(4, 'har maddd', '0781544444', '2019-12-11', '08:18:59', 1),
(5, 'har maddd', '0781544444', '2019-12-11', '08:18:59', 1),
(6, 'yaldez yaseen', '0797234038', '2019-12-11', '08:38:32', 2),
(7, 'yaldez yaseen', '0797234038', '2019-12-12', '03:35:31', 1),
(8, 'mohammad qabbani', '0796945841', '2019-12-12', '03:36:52', 1),
(9, 'mohammad qabbani', '0796945841', '2019-12-12', '03:37:37', 1),
(10, 'mohammad qabbani', '0796945841', '2019-12-12', '03:38:47', 1),
(11, 'har swv', '0781566666', '2019-12-12', '03:41:50', 1),
(12, 'yaldez yaseen', '0797234038', '2019-12-12', '04:09:15', 1),
(13, 'yaldez yaseen', '0797234038', '2019-12-12', '04:14:58', 1),
(14, 'yaldez yaseen', '0797234038', '2019-12-12', '06:39:48', 1),
(15, 'yaldez yaseen', '0797234038', '2019-12-29', '02:26:43', 1),
(16, 'yaldez yaseen', '0797234038', '2019-12-29', '02:30:55', 1),
(17, 'omar qabbani', '0790000000', '2020-01-11', '12:35:14', 1);

-- --------------------------------------------------------

--
-- Table structure for table `invoice`
--

CREATE TABLE `invoice` (
  `invoice_id` int(5) NOT NULL,
  `invoice_number` varchar(20) NOT NULL,
  `cus_id` int(5) NOT NULL,
  `admin_id` int(5) NOT NULL,
  `device_type` varchar(150) NOT NULL,
  `device_color` varchar(150) NOT NULL,
  `device_question` varchar(20) NOT NULL,
  `device_status` varchar(20) NOT NULL,
  `device_problem` varchar(150) NOT NULL,
  `device_imei` varchar(50) NOT NULL,
  `device_note` text NOT NULL,
  `device_accessories` text NOT NULL,
  `device_price` float NOT NULL,
  `entry_date` date NOT NULL,
  `entry_time` time NOT NULL,
  `finish_main_date` date DEFAULT NULL,
  `finish_main_time` time DEFAULT NULL,
  `bill_date` date DEFAULT NULL,
  `bill_time` time DEFAULT NULL,
  `hidden_price` float NOT NULL,
  `feedback_callcenter` text DEFAULT NULL
) ENGINE=InnoDB DEFAULT CHARSET=utf8;

--
-- Dumping data for table `invoice`
--

INSERT INTO `invoice` (`invoice_id`, `invoice_number`, `cus_id`, `admin_id`, `device_type`, `device_color`, `device_question`, `device_status`, `device_problem`, `device_imei`, `device_note`, `device_accessories`, `device_price`, `entry_date`, `entry_time`, `finish_main_date`, `finish_main_time`, `bill_date`, `bill_time`, `hidden_price`, `feedback_callcenter`) VALUES
(1, 'E33D1', 1, 1, 'iphone 7', 'Black', ' ', 'Done', 'Internal Microphone', '68451320', '', '', 30, '2019-12-11', '08:20:49', '2019-12-11', '08:20:49', '2019-12-11', '08:20:49', 0, ''),
(2, 'FCCAD', 2, 1, 's7 edge', 'Black', ' ', 'Done', 'Flash', '75410520', '52', '', 20, '2019-12-11', '08:22:39', '2019-12-11', '08:22:39', '2019-12-11', '08:22:39', 20, ''),
(3, '82F3A', 1, 1, 'not2 ', 'Black', 'Yes', 'Fix', 'Battery', '520', '', ' Sim Card', 19, '2019-12-11', '08:21:45', '2019-12-11', '08:21:45', '2019-12-11', '08:21:45', 19, ''),
(4, 'BC484', 4, 1, 'htc', 'Black', ' ', 'Fix', 'hhhh', 'd8f541v2', '', '', 5, '2019-12-11', '08:18:59', '2019-12-11', '08:22:18', NULL, NULL, 5, ''),
(5, 'C7516', 4, 1, 'htc', 'Black', ' ', 'Done', 'hhhh', 'd8f541v2', '', '', 5, '2019-12-11', '08:24:14', '2019-12-11', '08:24:14', '2019-12-11', '08:24:14', 0, ''),
(6, '23247', 1, 3, 'nono', 'Black', ' ', 'Pending', 'fh', '8451230', '', '', 222, '2019-12-11', '08:38:32', NULL, NULL, NULL, NULL, 222, ''),
(7, 'A679D', 1, 1, 'note 3', 'Black', ' ', 'Fix', 'lcd', '8465210', '', '', 10, '2019-12-12', '03:35:31', '2019-12-12', '06:40:44', NULL, NULL, 10, ''),
(8, 'A5015', 8, 1, '6s', 'Black', ' ', 'Pending', 'Icloud', '00222255444555', '', '', 10, '2019-12-12', '03:36:52', NULL, NULL, NULL, NULL, 10, 'Not Answered'),
(9, '8629D', 8, 1, '6s', 'Black', ' ', 'Pending', 'Power ic', '000000000', '55550000', '', 15, '2019-12-12', '03:37:37', NULL, NULL, NULL, NULL, 15, 'Number busy'),
(10, '7146B', 8, 1, 'note2', 'Black', ' ', 'Pending', 'Light ic', '5555555', '', '', 50, '2019-12-12', '03:38:47', NULL, NULL, NULL, NULL, 50, ''),
(11, '66369', 2, 1, 'a8', 'Black', ' ', 'Done', 'Battery', '98562130', '', '', 10, '2019-12-12', '03:42:25', '2019-12-12', '03:42:25', '2019-12-12', '03:42:25', 10, ''),
(12, '6063F', 1, 1, 'note 3', 'Black', 'Yes', 'Pending', 'lcd', '845120', '', ' MMC', 10, '2019-12-12', '04:09:15', NULL, NULL, NULL, NULL, 10, ''),
(13, 'D2F55', 1, 1, 's10+', 'Black', 'Yes', 'Done', 'lcd', '9875120845120', '', ' Battery', 30, '2019-12-12', '04:17:58', '2019-12-12', '04:17:58', '2019-12-12', '04:17:58', 30, ''),
(14, '49526', 1, 1, 'a10', 'Black', ' ', 'Done', 'lcd', '65102', '', '', 10, '2019-12-29', '03:01:38', '2019-12-29', '03:01:38', '2019-12-29', '03:01:38', 0, ''),
(15, '4F040', 1, 1, 'a5 2016', 'Brown', ' ', 'Pending', 'screen', '.02013320', '', '', 10, '2019-12-29', '02:26:43', NULL, NULL, NULL, NULL, 10, ''),
(16, '17A98', 1, 1, 'mi red me', 'Blue', ' ', 'Done', 'battery', 'mdvkxlkc', '', '', 33, '2019-12-29', '02:51:26', '2019-12-29', '02:51:26', '2019-12-29', '02:51:26', 33, ''),
(17, '36E51', 17, 1, '6s', 'Black', 'Yes', 'Pending', 'Code unlock', '0123456789', '', '', 20, '2020-01-11', '12:35:14', NULL, NULL, NULL, NULL, 20, 'Answered');

-- --------------------------------------------------------

--
-- Table structure for table `model`
--

CREATE TABLE `model` (
  `model_id` int(3) NOT NULL,
  `model_name` varchar(150) NOT NULL,
  `brand_id` int(3) NOT NULL
) ENGINE=InnoDB DEFAULT CHARSET=utf8;

--
-- Dumping data for table `model`
--

INSERT INTO `model` (`model_id`, `model_name`, `brand_id`) VALUES
(1, 'iphone', 1),
(2, 'ipad', 1),
(3, 'iwatch', 1),
(4, 'airpods', 1),
(7, 'iphone', 4);

-- --------------------------------------------------------

--
-- Table structure for table `offer`
--

CREATE TABLE `offer` (
  `offer_id` int(3) NOT NULL,
  `offer_name` varchar(200) COLLATE utf8_german2_ci NOT NULL,
  `offer_image` varchar(200) COLLATE utf8_german2_ci NOT NULL
) ENGINE=InnoDB DEFAULT CHARSET=utf8 COLLATE=utf8_german2_ci;

-- --------------------------------------------------------

--
-- Table structure for table `sub_model`
--

CREATE TABLE `sub_model` (
  `sub_id` int(3) NOT NULL,
  `sub_name` varchar(100) COLLATE utf8_german2_ci NOT NULL,
  `model_id` int(3) NOT NULL
) ENGINE=InnoDB DEFAULT CHARSET=utf8 COLLATE=utf8_german2_ci;

--
-- Dumping data for table `sub_model`
--

INSERT INTO `sub_model` (`sub_id`, `sub_name`, `model_id`) VALUES
(8, '4G - 4S', 7),
(9, '5G - 5S - 5c - 5 se', 7),
(11, '6G', 7);

--
-- Indexes for dumped tables
--

--
-- Indexes for table `admin`
--
ALTER TABLE `admin`
  ADD PRIMARY KEY (`admin_id`);

--
-- Indexes for table `branch`
--
ALTER TABLE `branch`
  ADD PRIMARY KEY (`branch_id`);

--
-- Indexes for table `brand`
--
ALTER TABLE `brand`
  ADD PRIMARY KEY (`brand_id`);

--
-- Indexes for table `changing_parts`
--
ALTER TABLE `changing_parts`
  ADD PRIMARY KEY (`part_id`);

--
-- Indexes for table `customer`
--
ALTER TABLE `customer`
  ADD PRIMARY KEY (`cus_id`);

--
-- Indexes for table `invoice`
--
ALTER TABLE `invoice`
  ADD PRIMARY KEY (`invoice_id`);

--
-- Indexes for table `model`
--
ALTER TABLE `model`
  ADD PRIMARY KEY (`model_id`);

--
-- Indexes for table `offer`
--
ALTER TABLE `offer`
  ADD PRIMARY KEY (`offer_id`);

--
-- Indexes for table `sub_model`
--
ALTER TABLE `sub_model`
  ADD PRIMARY KEY (`sub_id`);

--
-- AUTO_INCREMENT for dumped tables
--

--
-- AUTO_INCREMENT for table `admin`
--
ALTER TABLE `admin`
  MODIFY `admin_id` int(5) NOT NULL AUTO_INCREMENT, AUTO_INCREMENT=6;

--
-- AUTO_INCREMENT for table `branch`
--
ALTER TABLE `branch`
  MODIFY `branch_id` int(3) NOT NULL AUTO_INCREMENT, AUTO_INCREMENT=6;

--
-- AUTO_INCREMENT for table `brand`
--
ALTER TABLE `brand`
  MODIFY `brand_id` int(11) NOT NULL AUTO_INCREMENT, AUTO_INCREMENT=5;

--
-- AUTO_INCREMENT for table `changing_parts`
--
ALTER TABLE `changing_parts`
  MODIFY `part_id` int(3) NOT NULL AUTO_INCREMENT, AUTO_INCREMENT=1354;

--
-- AUTO_INCREMENT for table `customer`
--
ALTER TABLE `customer`
  MODIFY `cus_id` int(5) NOT NULL AUTO_INCREMENT, AUTO_INCREMENT=18;

--
-- AUTO_INCREMENT for table `invoice`
--
ALTER TABLE `invoice`
  MODIFY `invoice_id` int(5) NOT NULL AUTO_INCREMENT, AUTO_INCREMENT=18;

--
-- AUTO_INCREMENT for table `model`
--
ALTER TABLE `model`
  MODIFY `model_id` int(3) NOT NULL AUTO_INCREMENT, AUTO_INCREMENT=8;

--
-- AUTO_INCREMENT for table `offer`
--
ALTER TABLE `offer`
  MODIFY `offer_id` int(3) NOT NULL AUTO_INCREMENT;

--
-- AUTO_INCREMENT for table `sub_model`
--
ALTER TABLE `sub_model`
  MODIFY `sub_id` int(3) NOT NULL AUTO_INCREMENT, AUTO_INCREMENT=12;
COMMIT;

/*!40101 SET CHARACTER_SET_CLIENT=@OLD_CHARACTER_SET_CLIENT */;
/*!40101 SET CHARACTER_SET_RESULTS=@OLD_CHARACTER_SET_RESULTS */;
/*!40101 SET COLLATION_CONNECTION=@OLD_COLLATION_CONNECTION */;
